,others,query,source,suggestion,title,word
abc1401,,6,added space before digit,abc 1401,0,abc1401
abralon,[],6,from all products,,0,abralon
abz,[],7,from all products,,0,abz
accesorios,"[('accessories', 509)]",11,from all products,accessories,0,accesorios
acondicionado,[],17,from all products,,0,acondicionado
acq,[],15,from all products,,0,acq
adaapter,"[('adapter', 1444), ('adapters', 26)]",6,from all products,adapter,0,adaapter
adara,"[('aaa', 84), ('ada', 86), ('ara', 20), ('adora', 53), ('radar', 52), ('adr', 14), ('mandara', 66), ('avara', 16)]",16,from all products,mandara,0,adara
adi,"[('radio', 142), ('audio', 144), ('sadie', 12)]",11,from all products,,0,adi
adj,[],9,from all products,,0,adj
adk,[],13,from all products,,0,adk
adrienne,"[('andenne', 16)]",11,from matched products,andenne,0,adrienne
adrone,"[('adorne', 135)]",11,from matched products,adorne,0,adrone
afakro,"[('fakro', 60)]",14,from matched products,fakro,0,afakro
afi,"[('afci', 28)]",1,from matched products,afci,0,afi
against,[],10,from all products,,0,against
agustin,"[('augustine', 14), ('austin', 61)]",11,from all products,austin,0,agustin
airconditioner,[],44,from bigrams,air conditioner,0,airconditioner
airens,"[('ariens', 287)]",1,from matched products,ariens,0,airens
airhose,[],2,from bigrams,air hose,0,airhose
airnailer,[],9,from bigrams,air nailer,0,airnailer
airvents,[],1,from all products,,0,airvents
akc,[],13,from all products,,0,akc
akio,"[('akro', 21)]",16,from all products,akro,0,akio
akita,"[('makita', 1091)]",12,from matched products,makita,0,akita
alick,"[('alike', 36), ('click', 395)]",2,from all products,,0,alick
all18,,10,added space before digit,all 18,0,all18
alm,"[('alarm', 565), ('palm', 242), ('alum', 56), ('salem', 41)]",1,from all products,,0,alm
alu,"[('value', 516), ('alum', 56)]",15,from all products,alum,0,alu
alvin,"[('lin', 58), ('align', 17)]",11,from all products,align,0,alvin
amco,"[('camo', 152), ('raco', 494), ('emco', 174), ('camco', 88), ('taco', 30)]",10,from all products,camco,0,amco
americna,"[('american', 2961), ('americast', 50)]",11,from matched products,american,0,americna
amt,[],12,from all products,,0,amt
anabelle,[],8,from all products,,0,anabelle
andril,"[('handrail', 206)]",15,from all products,handrail,0,andril
antivibration,"[('vibration', 22)]",1,from matched products,vibration,0,antivibration
aok,[],9,from all products,,0,aok
apper,"[('paper', 789), ('per', 2010)]",14,from matched products,paper,0,apper
aprent,"[('argent', 20)]",1,from all products,argent,0,aprent
aprilaire,[],19,from all products,,0,aprilaire
arcfault,[],2,from bigrams,arc fault,0,arcfault
ardex,"[('arden', 12), ('carex', 21)]",4,from all products,,0,ardex
armboard,"[('board', 2077)]",10,from matched products,board,0,armboard
artifical,"[('artificial', 1324)]",8,from matched products,artificial,0,artifical
asa,"[('asian', 16), ('alsa', 32), ('casa', 124), ('pasta', 18)]",7,from all products,,0,asa
asher,"[('washer', 1726)]",4,from matched products,washer,0,asher
ashtabula,[],15,from all products,,0,ashtabula
ashwell,"[('shell', 102)]",12,from all products,shell,0,ashwell
askoll,[],2,from all products,,0,askoll
aspectmetal,[],3,from bigrams,aspect metal,0,aspectmetal
aspiradora,[],18,from all products,,0,aspiradora
assorment,"[('assortment', 170)]",13,from matched products,assortment,0,assorment
assy,"[('ass', 30), ('classy', 34), ('pass', 222), ('alsy', 12), ('easy', 979)]",8,from all products,ass,0,assy
astm,"[('stem', 240), ('ast', 12), ('cast', 992), ('fast', 213)]",18,from all products,ast,0,astm
atomatica,"[('automatic', 538), ('aromatic', 74)]",11,from all products,automatic,0,atomatica
atr,"[('water', 5094), ('gator', 44), ('after', 76), ('astro', 13), ('altra', 33), ('cator', 11), ('eater', 13)]",1,from all products,,0,atr
autofeeder,[],14,from all products,,0,autofeeder
awap,"[('wap', 17)]",11,from all products,wap,0,awap
awp,[],8,from all products,,0,awp
axxes,"[('axxys', 25), ('axe', 64), ('axess', 30)]",3,from all products,,0,axxes
azuvi,[],11,from all products,,0,azuvi
baag,"[('bag', 945), ('bags', 460)]",2,from matched products,bag,0,baag
bacco,"[('basco', 57)]",13,from matched products,basco,0,bacco
backbrace,[],1,from all products,,0,backbrace
backpocket,[],2,from bigrams,back pocket,0,backpocket
backsp,"[('backup', 196)]",9,from all products,backup,0,backsp
backsplashes,"[('backsplash', 437)]",19,from matched products,backsplash,0,backsplashes
bakewarte,"[('bakeware', 23)]",19,from matched products,bakeware,0,bakewarte
balafon,[],10,from all products,,0,balafon
ballaster,"[('baluster', 209)]",6,from matched products,baluster,0,ballaster
barden,"[('arden', 12)]",3,from matched products,arden,0,barden
barranco,[],18,from all products,,0,barranco
barreir,"[('barrier', 338)]",9,from matched products,barrier,0,barreir
basem,"[('base', 3763), ('based', 597)]",12,from matched products,base,0,basem
bathfan,[],17,from bigrams,bath fan,0,bathfan
bathfans,[],18,from bigrams,bath fans,0,bathfans
bathroomvanity,[],7,from bigrams,bathroom vanity,0,bathroomvanity
batte,"[('battery', 2753)]",9,from matched products,battery,0,batte
battery72517063,,11,added space before digit,battery 72517063,0,battery72517063
beadex,"[('beaded', 96)]",12,from matched products,beaded,0,beadex
beadez,"[('bead', 208)]",18,from matched products,bead,0,beadez
beekman,[],20,from all products,,0,beekman
behroil,"[('broil', 147)]",17,from all products,broil,0,behroil
behrwooden,[],10,from all products,,0,behrwooden
bener,"[('bender', 239), ('beer', 57), ('blender', 38), ('bee', 12), ('eer', 33)]",10,from all products,bender,0,bener
bentgrass,[],20,from all products,,0,bentgrass
bestair,"[('stair', 960)]",2,from all products,stair,0,bestair
bestine,[],20,from all products,,0,bestine
bestos,[],14,from all products,,0,bestos
bgr,[],5,from all products,,0,bgr
biax,[],14,from all products,,0,biax
bidat,"[('bidet', 110)]",6,from matched products,bidet,0,bidat
biech,"[('birch', 322)]",2,from matched products,birch,0,biech
bigass,[],1,from bigrams,big ass,0,bigass
biofuels,[],10,from all products,,0,biofuels
blash,"[('lash', 13), ('flash', 63), ('blush', 37), ('blast', 28), ('ash', 134), ('leash', 24)]",6,from all products,lash,0,blash
blk,"[('black', 13370)]",11,from matched products,black,0,blk
blong,"[('blown', 46), ('long', 1013), ('bog', 22), ('oblong', 13), ('blocking', 36), ('log', 246)]",13,from all products,oblong,0,blong
bluemax,[],1,from bigrams,blue max,0,bluemax
bluwood,[],13,from all products,,0,bluwood
boardman,[],9,from all products,,0,boardman
bolens,[],18,from all products,,0,bolens
boombox,[],13,from bigrams,boom box,0,boombox
bosche,"[('bosch', 1017)]",17,from matched products,bosch,0,bosche
boscobel,[],10,from all products,,0,boscobel
bostich,"[('bosch', 1017), ('bostitch', 104)]",9,from all products,bostitch,0,bostich
boxspring,[],2,from bigrams,box spring,0,boxspring
brakers,"[('breaker', 983)]",1,from matched products,breaker,0,brakers
brambury,"[('banbury', 190)]",9,from matched products,banbury,0,brambury
bramerton,[],12,from all products,,0,bramerton
brayer,"[('bayer', 51)]",13,from matched products,bayer,0,brayer
brinkman,"[('brinkmann', 239)]",27,from matched products,brinkmann,0,brinkman
browel,"[('trowel', 96)]",13,from matched products,trowel,0,browel
brownswitch,[],4,from all products,,0,brownswitch
bti,[],18,from all products,,0,bti
btype,"[('type', 1565)]",9,from all products,type,0,btype
bulbsu,"[('bulb', 4214)]",7,from matched products,bulb,0,bulbsu
bungie,"[('bungee', 111)]",9,from matched products,bungee,0,bungie
bunners,"[('burner', 1132), ('burners', 203)]",8,from matched products,burners,0,bunners
byass,"[('brass', 4407), ('bypass', 421)]",8,from matched products,bypass,0,byass
byefold,[],3,from all products,,0,byefold
cabi,"[('carb', 34), ('cabrio', 58), ('crab', 33), ('cab', 38), ('cabin', 45), ('cabo', 22)]",20,from all products,cabin,0,cabi
cabients,"[('cabinets', 144)]",17,from all products,cabinets,0,cabients
cabniets,"[('cabinet', 6494)]",2,from matched products,cabinet,0,cabniets
cair,"[('cars', 22), ('carb', 34), ('char', 156), ('care', 314), ('car', 162), ('chairs', 145), ('hair', 60), ('chair', 1785), ('air', 4677), ('coir', 65), ('pair', 677), ('cart', 696), ('card', 37)]",3,from all products,chair,0,cair
calton,"[('canton', 19)]",2,from matched products,canton,0,calton
campane,"[('champagne', 154)]",4,from all products,champagne,0,campane
canapies,"[('canopies', 14)]",17,from all products,canopies,0,canapies
canapu,[],8,from all products,,0,canapu
candels,"[('candles', 30)]",16,from matched products,candles,0,candels
canspot,[],14,from all products,,0,canspot
canster,"[('canister', 60), ('caster', 67), ('casters', 101)]",10,from all products,canister,0,canster
capipapia,[],5,from all products,,0,capipapia
capua,"[('cap', 2584)]",7,from all products,cap,0,capua
carla,"[('car', 162), ('cal', 206), ('ara', 20), ('carolina', 69), ('carlo', 69), ('carol', 17)]",10,from all products,,0,carla
carpetshampoo,[],11,from bigrams,carpet shampoo,0,carpetshampoo
carpt,"[('carpet', 1358)]",2,from matched products,carpet,0,carpt
carr,"[('cars', 22), ('carb', 34), ('char', 156), ('care', 314), ('car', 162), ('carter', 12), ('carry', 39), ('cart', 696), ('card', 37)]",7,from all products,carry,0,carr
cartelized,[],10,from all products,,0,cartelized
castiron,[],9,from bigrams,cast iron,0,castiron
cawls,"[('cal', 206)]",12,from all products,cal,0,cawls
ccl,"[('cycle', 397)]",3,from all products,cycle,0,ccl
ceadar,"[('cedar', 1377)]",13,from matched products,cedar,0,ceadar
celin,"[('lin', 58), ('ceiling', 4995), ('ceilings', 103)]",9,from all products,ceiling,0,celin
celing,"[('ceiling', 4995), ('ceilings', 103)]",6,from matched products,ceiling,0,celing
centerprise,"[('centerpiece', 14)]",8,from matched products,centerpiece,0,centerprise
ceto,"[('cetol', 56)]",9,from all products,cetol,0,ceto
cetolsrd,[],11,from bigrams,cetol srd,0,cetolsrd
chainlink,[],1,from bigrams,chain link,0,chainlink
chaosaw,[],6,from all products,,0,chaosaw
charbroi,[],10,from all products,,0,charbroi
charbroil,[],29,from bigrams,char broil,0,charbroil
chibli,"[('chili', 139)]",13,from matched products,chili,0,chibli
chinu,"[('china', 156)]",11,from matched products,china,0,chinu
chopsaw,[],4,from bigrams,chop saw,0,chopsaw
cincking,[],11,from all products,,0,cincking
clab,"[('clay', 274)]",12,from matched products,clay,0,clab
claissic,"[('classic', 1982), ('classico', 21), ('classics', 302)]",16,from all products,classic,0,claissic
cleane,"[('cleanser', 28), ('cleaner', 1249), ('clean', 463), ('cleaners', 32)]",10,from all products,cleaner,0,cleane
clivus,[],7,from all products,,0,clivus
closable,[],8,from all products,,0,closable
clr,"[('claro', 38), ('color', 1719), ('clark', 56), ('clear', 4134)]",2,from all products,,0,clr
coater,"[('carter', 12), ('coated', 762), ('caster', 67)]",20,from all products,,0,coater
coffee3,,12,added space before digit,coffee 3,0,coffee3
colared,[],8,from bigrams,cola red,0,colared
coldtemp,[],8,from all products,,0,coldtemp
colosso,[],8,from all products,,0,colosso
comealong,[],3,from bigrams,come along,0,comealong
comercialcarpet,[],17,from all products,,0,comercialcarpet
comi,"[('coil', 466), ('coin', 45), ('comb', 16), ('omni', 24), ('com', 49), ('comp', 84), ('coir', 65)]",16,from all products,com,0,comi
commercail,"[('commercial', 2252)]",14,from matched products,commercial,0,commercail
compamia,"[('compania', 1)]",1,from matched products,compania,0,compamia
compendent,"[('component', 60), ('pendent', 26)]",11,from all products,component,0,compendent
composit,"[('composite', 2323), ('composition', 18), ('compost', 35)]",9,from all products,composite,0,composit
compressro,"[('compressor', 458)]",17,from matched products,compressor,0,compressro
conc,"[('con', 151), ('coco', 81), ('coca', 47), ('coin', 45), ('sconce', 439), ('icon', 21), ('corn', 47), ('once', 13), ('cone', 184), ('cognac', 198)]",4,from all products,con,0,conc
concretetile,[],3,from bigrams,concrete tile,0,concretetile
cond,"[('con', 151), ('cold', 309), ('pond', 217), ('cord', 1151), ('coin', 45), ('icon', 21), ('corn', 47), ('bond', 223), ('code', 70), ('cod', 117), ('cone', 184)]",15,from all products,,0,cond
condit,"[('conduit', 649)]",14,from all products,conduit,0,condit
condulets,[],5,from all products,,0,condulets
congoleum,[],17,from all products,,0,congoleum
controle,"[('control', 2446)]",10,from matched products,control,0,controle
corelais,"[('coralais', 33)]",11,from all products,coralais,0,corelais
corio,"[('scorpion', 12), ('cuori', 17), ('cri', 187), ('rio', 35), ('orion', 20), ('corso', 11)]",11,from all products,,0,corio
corne,"[('corner', 1945)]",16,from matched products,corner,0,corne
cornershower,[],13,from bigrams,corner shower,0,cornershower
corsar,[],8,from all products,,0,corsar
cothom,[],10,from all products,,0,cothom
couchen,"[('couch', 4)]",10,from matched products,couch,0,couchen
could,"[('cold', 309), ('old', 415), ('cod', 117), ('col', 43), ('cloud', 36)]",8,from all products,cold,0,could
coving,"[('covering', 100), ('moving', 82), ('coping', 13), ('coring', 16)]",8,from all products,covering,0,coving
craftsm,"[('crafts', 84), ('craftsman', 663), ('craft', 209), ('craftsmen', 75)]",9,from all products,crafts,0,craftsm
cranner,"[('crane', 51)]",8,from matched products,crane,0,cranner
csm,"[('cosmo', 15)]",2,from all products,cosmo,0,csm
cubicel,"[('cubicle', 1)]",1,from matched products,cubicle,0,cubicel
cucbi,"[('cub', 431), ('ubi', 43)]",4,from all products,,0,cucbi
curlex,[],1,from all products,,0,curlex
custo,"[('custom', 1621), ('cut', 1140)]",3,from matched products,custom,0,custo
cutte,"[('cutter', 562)]",11,from matched products,cutter,0,cutte
cuv,"[('curve', 77)]",8,from all products,curve,0,cuv
cwg,[],5,from all products,,0,cwg
cypermethrin,[],22,from all products,,0,cypermethrin
dacor,"[('danco', 510), ('ancor', 48), ('decor', 943), ('racor', 33), ('acorn', 31), ('dasco', 41)]",5,from all products,,0,dacor
dampiner,"[('dampener', 17)]",5,from matched products,dampener,0,dampiner
danika,[],10,from all products,,0,danika
dcf,[],11,from all products,,0,dcf
dcon,"[('con', 151)]",2,from matched products,con,0,dcon
deadblow,[],2,from bigrams,dead blow,0,deadblow
deask,"[('dek', 18), ('ideas', 34), ('desk', 327)]",12,from all products,desk,0,deask
decarail,"[('deckorail', 84)]",5,from matched products,deckorail,0,decarail
deckpaint,[],18,from bigrams,deck paint,0,deckpaint
decostrip,[],5,from all products,,0,decostrip
dectot,[],4,from all products,,0,dectot
deg,[],7,from all products,,0,deg
dehimid,[],11,from all products,,0,dehimid
dep,"[('deep', 1214)]",2,from matched products,deep,0,dep
detecter,"[('detector', 134)]",5,from all products,detector,0,detecter
discon,"[('edison', 63)]",10,from all products,edison,0,discon
dlight,"[('light', 19307)]",11,from matched products,light,0,dlight
dobble,"[('cobble', 12), ('double', 4771)]",2,from all products,,0,dobble
dolled,"[('rolled', 76)]",6,from matched products,rolled,0,dolled
doly,"[('dolly', 105)]",10,from matched products,dolly,0,doly
doorguard,[],3,from bigrams,door guard,0,doorguard
doors32x78,,10,added space before digit,doors 32x78,0,doors32x78
doorsmoocher,[],12,from all products,,0,doorsmoocher
dorada,"[('dorado', 21)]",1,from all products,dorado,0,dorada
doublesided,[],7,from bigrams,double sided,0,doublesided
doug,"[('dog', 556), ('dogs', 43)]",6,from all products,dog,0,doug
dpdt,[],3,from all products,,0,dpdt
dracket,"[('drake', 30), ('bracket', 1253)]",11,from all products,bracket,0,dracket
dreme,"[('dream', 29)]",16,from matched products,dream,0,dreme
dreyns,[],7,from all products,,0,dreyns
drione,[],15,from all products,,0,drione
drp,"[('drop', 705)]",8,from matched products,drop,0,drp
drumel,"[('dremel', 303)]",12,from matched products,dremel,0,drumel
drye,"[('dye', 41), ('dry', 672), ('dryden', 35), ('dryer', 1185), ('drydex', 24)]",4,from all products,dryer,0,drye
dryvit,[],1,from all products,,0,dryvit
dsown,"[('own', 54), ('dyson', 35), ('down', 719)]",3,from all products,down,0,dsown
duking,"[('decking', 246)]",15,from matched products,decking,0,duking
dule,"[('dual', 2278), ('rule', 16), ('mule', 123), ('dune', 109), ('double', 4771), ('duplex', 761), ('idle', 21), ('module', 220), ('dale', 119), ('duet', 159)]",2,from all products,,0,dule
dupioni,[],3,from all products,,0,dupioni
duratemp,[],9,from all products,,0,duratemp
dutchlap,[],16,from bigrams,dutch lap,0,dutchlap
dwall,"[('dewalt', 2373)]",1,from matched products,dewalt,0,dwall
dymonic,[],6,from all products,,0,dymonic
eastbay,[],2,from bigrams,east bay,0,eastbay
easylight,[],9,from bigrams,easy light,0,easylight
eathgrow,"[('earthgro', 34)]",3,from matched products,earthgro,0,eathgrow
ecobulb,[],2,from all products,,0,ecobulb
edod,"[('edo', 19)]",10,from matched products,edo,0,edod
edsel,"[('edsal', 237)]",16,from matched products,edsal,0,edsel
eglimgton,[],11,from all products,,0,eglimgton
electral,"[('electrical', 579)]",9,from all products,electrical,0,electral
electrica,"[('electric', 6579)]",5,from matched products,electric,0,electrica
emp,"[('tempo', 95), ('empty', 37), ('temp', 346)]",12,from all products,temp,0,emp
ennox,"[('lennox', 11)]",9,from matched products,lennox,0,ennox
ensley,"[('hensley', 17)]",7,from matched products,hensley,0,ensley
entrydoors,[],18,from bigrams,entry doors,0,entrydoors
envios,"[('enviro', 35)]",3,from all products,enviro,0,envios
epilateur,"[('epilator', 3)]",2,from matched products,epilator,0,epilateur
ept,"[('depth', 634), ('depot', 265), ('empty', 37)]",18,from all products,,0,ept
estore,"[('restore', 309)]",10,from matched products,restore,0,estore
euroloft,[],18,from all products,,0,euroloft
eurotherm,[],12,from all products,,0,eurotherm
evap,"[('eva', 93)]",31,from all products,eva,0,evap
evendale,[],12,from all products,,0,evendale
everbuilt,"[('everbilt', 3386)]",10,from matched products,everbilt,0,everbuilt
evergrain,[],6,from all products,,0,evergrain
exacto,"[('acto', 3)]",11,from matched products,acto,0,exacto
exhaustless,[],6,from all products,,0,exhaustless
exp,[],20,from all products,,0,exp
exteriordoors,[],20,from bigrams,exterior doors,0,exteriordoors
fabris,"[('fabric', 730)]",4,from all products,fabric,0,fabris
fairlawn,[],3,from all products,,0,fairlawn
fameless,"[('frameless', 604)]",11,from all products,frameless,0,fameless
fan25522,,13,added space before digit,fan 25522,0,fan25522
fanall,[],10,from all products,,0,fanall
fantdoors,[],1,from all products,,0,fantdoors
fasad,"[('fasade', 274)]",3,from matched products,fasade,0,fasad
fastcap,[],1,from all products,,0,fastcap
faul,"[('fuel', 823), ('fault', 28), ('azul', 13), ('faux', 668), ('fall', 281), ('full', 1477), ('paul', 275)]",11,from all products,fault,0,faul
felx,"[('fuel', 823), ('flex', 741), ('flux', 32), ('feel', 41), ('felt', 83)]",2,from all products,,0,felx
felxfx,[],9,from all products,,0,felxfx
ffill,"[('fill', 100)]",9,from matched products,fill,0,ffill
fhnt,"[('fnpt', 51)]",11,from all products,fnpt,0,fhnt
fierenz,"[('firenze', 23)]",7,from matched products,firenze,0,fierenz
fija,"[('fiji', 11)]",10,from matched products,fiji,0,fija
filerts,"[('filter', 2519)]",8,from matched products,filter,0,filerts
fireglass,[],10,from bigrams,fire glass,0,fireglass
fireless,"[('wireless', 1001), ('frameless', 604)]",2,from all products,wireless,0,fireless
firepot,[],11,from bigrams,fire pot,0,firepot
firter,"[('filter', 2519)]",3,from matched products,filter,0,firter
fitt,"[('fits', 306), ('fit', 570), ('feit', 280), ('fipt', 60), ('fitter', 150)]",20,from all products,fit,0,fitt
flaire,"[('flair', 49), ('flared', 16), ('flare', 96)]",9,from all products,,0,flaire
flexlock,[],13,from bigrams,flex lock,0,flexlock
floaties,[],10,from all products,,0,floaties
flomaster,[],3,from bigrams,flo master,0,flomaster
floorong,"[('floor', 5203)]",15,from matched products,floor,0,floorong
floot,"[('floor', 5203)]",8,from matched products,floor,0,floot
floratam,[],5,from all products,,0,floratam
florcant,[],16,from all products,,0,florcant
florent,"[('foret', 62)]",11,from all products,foret,0,florent
flotex,"[('flotec', 74)]",18,from matched products,flotec,0,flotex
flushmate,[],8,from all products,,0,flushmate
fma,"[('forma', 25)]",10,from all products,forma,0,fma
foof,"[('foot', 752), ('roof', 941), ('food', 391), ('goof', 99)]",10,from all products,,0,foof
fosle,[],11,from all products,,0,fosle
fost,"[('foss', 61), ('foot', 752), ('frosty', 19), ('post', 3138), ('forest', 376), ('most', 23), ('frost', 784), ('fast', 213)]",3,from all products,frost,0,fost
fpv,[],13,from all products,,0,fpv
frazee,[],12,from all products,,0,frazee
frenchwood,[],2,from bigrams,french wood,0,frenchwood
friedrich,[],2,from all products,,0,friedrich
frig,"[('ring', 1039)]",16,from matched products,ring,0,frig
frontload,[],7,from bigrams,front load,0,frontload
froses,"[('roses', 42)]",8,from all products,roses,0,froses
fsu,[],11,from all products,,0,fsu
fyrpon,"[('fypon', 172)]",10,from matched products,fypon,0,fyrpon
gaceno,[],8,from all products,,0,gaceno
galllon,"[('gallon', 59)]",13,from all products,gallon,0,galllon
gallondrywall,[],5,from all products,,0,gallondrywall
galloon,"[('gallon', 59)]",9,from all products,gallon,0,galloon
garagedoor,[],2,from bigrams,garage door,0,garagedoor
garde,"[('garden', 2287)]",22,from matched products,garden,0,garde
gardena,"[('garden', 2287)]",9,from matched products,garden,0,gardena
gasquet,"[('gasket', 196)]",10,from matched products,gasket,0,gasquet
gate0,,16,added space before digit,gate 0,0,gate0
gbi,[],8,from all products,,0,gbi
gelco,"[('gelcoat', 102)]",9,from matched products,gelcoat,0,gelco
geospring,[],5,from all products,,0,geospring
geotextile,[],19,from all products,,0,geotextile
gfic,"[('gfci', 349)]",18,from matched products,gfci,0,gfic
giga,"[('gig', 1)]",1,from matched products,gig,0,giga
gilmore,[],11,from all products,,0,gilmore
gimmble,"[('gimbal', 57)]",2,from matched products,gimbal,0,gimmble
glass3,,1,added space before digit,glass 3,0,glass3
glauder,[],10,from all products,,0,glauder
glifo,"[('glo', 190)]",11,from all products,glo,0,glifo
gll,"[('grill', 1473), ('gull', 384)]",3,from all products,gull,0,gll
glm,"[('glam', 24)]",3,from all products,glam,0,glm
glulam,[],2,from all products,,0,glulam
goldroyalty,"[('royalty', 6)]",7,from matched products,royalty,0,goldroyalty
gooba,[],4,from all products,,0,gooba
gpx,[],9,from all products,,0,gpx
granit,"[('granite', 1681)]",1,from matched products,granite,0,granit
greaseless,[],10,from all products,,0,greaseless
gregio,"[('grigio', 20)]",1,from matched products,grigio,0,gregio
grib,"[('grip', 1155)]",9,from matched products,grip,0,grib
gridlee,"[('griddle', 87)]",12,from matched products,griddle,0,gridlee
grils,"[('grill', 1473)]",5,from matched products,grill,0,grils
grippy,[],3,from all products,,0,grippy
gsilestone,"[('silestone', 115)]",12,from all products,silestone,0,gsilestone
gte,"[('gates', 30), ('gate', 1067), ('grate', 308)]",15,from all products,gate,0,gte
gwtters,"[('gutters', 12)]",12,from all products,gutters,0,gwtters
hacr,"[('char', 156), ('acre', 19), ('hair', 60), ('hard', 355), ('hack', 35), ('hart', 19), ('hvac', 116)]",10,from all products,,0,hacr
haggerty,[],7,from all products,,0,haggerty
hallodoor,[],17,from all products,,0,hallodoor
hampton30,,9,added space before digit,hampton 30,0,hampton30
handtools,[],16,from bigrams,hand tools,0,handtools
hattic,"[('attic', 383)]",8,from matched products,attic,0,hattic
hdk,[],3,from all products,,0,hdk
headger,"[('edger', 460), ('hedge', 338), ('header', 94)]",7,from all products,header,0,headger
heatgasget,[],2,from all products,,0,heatgasget
heatwave,[],2,from all products,,0,heatwave
heculine,[],2,from all products,,0,heculine
hexhead,[],16,from bigrams,hex head,0,hexhead
hexpin,[],5,from all products,,0,hexpin
himalya,"[('himalaya', 13)]",1,from matched products,himalaya,0,himalya
hindges,"[('hinge', 821), ('hinges', 147)]",18,from all products,hinges,0,hindges
hobbycrafter,[],16,from all products,,0,hobbycrafter
homedepot,[],10,from bigrams,home depot,0,homedepot
hoo,"[('photo', 54), ('hooks', 265), ('hook', 969), ('hoods', 16), ('hood', 708)]",15,from all products,,0,hoo
hooverwindtunnel,[],11,from bigrams,hoover windtunnel,0,hooverwindtunnel
hottubs,[],3,from bigrams,hot tubs,0,hottubs
hotwater,[],1,from bigrams,hot water,0,hotwater
hprse,"[('horse', 73)]",12,from matched products,horse,0,hprse
hucky,"[('husky', 1651)]",8,from matched products,husky,0,hucky
hummert,[],8,from all products,,0,hummert
hvm,[],14,from all products,,0,hvm
hxh,[],6,from all products,,0,hxh
hydrolic,"[('hydraulic', 47)]",3,from matched products,hydraulic,0,hydrolic
hypalon,[],9,from all products,,0,hypalon
iba,"[('libra', 27)]",11,from all products,libra,0,iba
ibeam,"[('beam', 191), ('beams', 85)]",15,from matched products,beam,0,ibeam
icey,"[('ice', 744)]",11,from matched products,ice,0,icey
idylis,[],13,from all products,,0,idylis
iftin,[],12,from all products,,0,iftin
iile,"[('pile', 16)]",3,from matched products,pile,0,iile
iiluminart,"[('illuminart', 7)]",2,from matched products,illuminart,0,iiluminart
ilet,"[('inlet', 253)]",1,from matched products,inlet,0,ilet
ilumination,[],10,from all products,,0,ilumination
inanchor,"[('anchors', 219)]",4,from matched products,anchors,0,inanchor
incerts,"[('inserts', 50)]",9,from all products,inserts,0,incerts
inchesside,[],8,from all products,,0,inchesside
inferni,"[('inferno', 19)]",11,from matched products,inferno,0,inferni
inovations,"[('innovations', 67)]",1,from matched products,innovations,0,inovations
insh,"[('bins', 38), ('pins', 54), ('fish', 66), ('insl', 28), ('finish', 1478), ('inch', 131), ('dish', 95)]",1,from all products,finish,0,insh
insol,"[('insoles', 12), ('insl', 28), ('sol', 14), ('iso', 13)]",17,from all products,insl,0,insol
instastart,[],5,from all products,,0,instastart
instock,"[('stock', 129)]",4,from all products,stock,0,instock
int,"[('paint', 5565), ('pint', 94)]",17,from matched products,pint,0,int
internet202627028,,8,added space before digit,internet 202627028,0,internet202627028
islating,"[('insulating', 110)]",1,from all products,insulating,0,islating
itself,"[('self', 2973)]",15,from matched products,self,0,itself
jeldwen,[],76,from bigrams,jeld wen,0,jeldwen
jirdon,"[('jerdon', 17)]",14,from all products,jerdon,0,jirdon
joisthangers,[],16,from all products,,0,joisthangers
josie,"[('jobsite', 56), ('jalousie', 18), ('joe', 288), ('osi', 25)]",11,from all products,jobsite,0,josie
jrc,[],8,from all products,,0,jrc
juera,[],15,from all products,,0,juera
kaindl,[],11,from all products,,0,kaindl
kalkey,[],9,from all products,,0,kalkey
kally,"[('kelly', 14)]",1,from matched products,kelly,0,kally
karacolor,[],1,from all products,,0,karacolor
kelton,"[('kelston', 23)]",7,from matched products,kelston,0,kelton
kendalwood,[],13,from all products,,0,kendalwood
kenken,[],3,from all products,,0,kenken
keystock,[],2,from bigrams,key stock,0,keystock
kichler,[],1,from all products,,0,kichler
kidco,[],10,from all products,,0,kidco
kiiz,"[('kilz', 107)]",14,from all products,kilz,0,kiiz
killeen,"[('kleen', 81)]",9,from all products,kleen,0,killeen
killerique,[],3,from all products,,0,killerique
kimtec,"[('kimtech', 2), ('kimtex', 1)]",2,from matched products,kimtech,0,kimtec
kindorf,[],11,from all products,,0,kindorf
kitchenfaucet,[],2,from bigrams,kitchen faucet,0,kitchenfaucet
kitching,[],15,from all products,,0,kitching
knicken,"[('nickel', 6553)]",8,from matched products,nickel,0,knicken
knurling,[],8,from all products,,0,knurling
kobalt,"[('cobalt', 95)]",18,from all products,cobalt,0,kobalt
koehler,"[('kohler', 3365)]",1,from matched products,kohler,0,koehler
kohlerdrop,[],7,from all products,,0,kohlerdrop
koler,"[('older', 15), ('kohler', 3365)]",3,from all products,kohler,0,koler
koolaroo,"[('coolaroo', 95)]",15,from matched products,coolaroo,0,koolaroo
kraftsman,"[('craftsman', 663)]",3,from matched products,craftsman,0,kraftsman
krylon,[],45,from all products,,0,krylon
kti,[],10,from all products,,0,kti
ktoilet,"[('toilet', 2745), ('toilets', 95)]",2,from matched products,toilet,0,ktoilet
kwal,"[('wal', 130), ('walk', 697), ('wall', 14159)]",12,from all products,wal,0,kwal
kyobi,"[('ryobi', 2010)]",12,from matched products,ryobi,0,kyobi
labo,"[('lab', 29), ('labs', 10)]",11,from matched products,lab,0,labo
ladders28,,9,added space before digit,ladders 28,0,ladders28
lader,"[('ladder', 733)]",2,from matched products,ladder,0,lader
laminate12,,11,added space before digit,laminate 12,0,laminate12
laminet,[],3,from all products,,0,laminet
lanco,"[('danco', 510)]",15,from matched products,danco,0,lanco
lanterun,"[('lantern', 1001), ('lanterns', 22)]",7,from matched products,lantern,0,lanterun
lasco,"[('lesco', 18), ('fasco', 42), ('lasko', 168), ('tasco', 37), ('ascot', 30), ('jasco', 15), ('classico', 21), ('dasco', 41), ('basco', 57)]",14,from all products,,0,lasco
latchbolt,[],2,from bigrams,latch bolt,0,latchbolt
laticrete,[],13,from all products,,0,laticrete
lattus,"[('lattis', 12)]",6,from matched products,lattis,0,lattus
lauan,"[('laura', 56)]",18,from all products,laura,0,lauan
layaway,[],10,from all products,,0,layaway
leco,"[('lesco', 18), ('eco', 375), ('emco', 174), ('echo', 590), ('jeco', 18), ('deco', 309)]",2,from all products,lesco,0,leco
led2,,1,added space before digit,led 2,0,led2
ledbulb,[],6,from bigrams,led bulb,0,ledbulb
lenox,"[('lennox', 11), ('lenor', 24), ('nox', 148)]",12,from all products,lennox,0,lenox
leonia,[],11,from all products,,0,leonia
leum,"[('oleum', 1725)]",11,from matched products,oleum,0,leum
leuver,"[('lever', 1164)]",10,from matched products,lever,0,leuver
levelquick,"[('levelquik', 28)]",1,from all products,levelquik,0,levelquick
leverlock,[],2,from bigrams,lever lock,0,leverlock
levin,"[('lin', 58), ('leviton', 998), ('klein', 735), ('sevin', 13), ('leveling', 188)]",6,from all products,leviton,0,levin
liftmaster,[],19,from bigrams,lift master,0,liftmaster
lightsensor,[],14,from bigrams,light sensor,0,lightsensor
linnart,[],1,from all products,,0,linnart
litex,"[('latex', 801)]",18,from matched products,latex,0,litex
lmi,[],5,from all products,,0,lmi
lockin,"[('locbin', 14), ('locking', 435), ('blocking', 36)]",7,from all products,locking,0,lockin
lohasras,[],7,from all products,,0,lohasras
lolli,"[('loloi', 33)]",3,from all products,loloi,0,lolli
lon,"[('alone', 16), ('sloan', 21), ('blown', 46), ('logan', 18), ('long', 1013), ('melon', 24), ('linon', 63), ('nylon', 670), ('talon', 27), ('lemon', 53), ('lion', 28), ('lyons', 153), ('olson', 15), ('lyon', 26)]",9,from all products,,0,lon
lswb,[],1,from all products,,0,lswb
luana,"[('lan', 45), ('luna', 21)]",17,from all products,luna,0,luana
lub,"[('lube', 39)]",3,from matched products,lube,0,lub
lumber4x4,,2,added space before digit,lumber 4x4,0,lumber4x4
lumder,"[('lumber', 671)]",9,from matched products,lumber,0,lumder
lumpkin,"[('lampkin', 13), ('pumpkin', 22)]",12,from all products,,0,lumpkin
lvl,"[('level', 356)]",5,from matched products,level,0,lvl
maddock,"[('paddock', 2)]",2,from matched products,paddock,0,maddock
madylin,[],11,from all products,,0,madylin
mallory,"[('alloy', 92)]",8,from all products,alloy,0,mallory
manassas,[],7,from all products,,0,manassas
mandare,"[('mandara', 66)]",9,from matched products,mandara,0,mandare
mandoors,[],12,from all products,,0,mandoors
mapp,"[('map', 36)]",8,from matched products,map,0,mapp
marineweld,[],4,from all products,,0,marineweld
martina,"[('martha', 1210)]",10,from matched products,martha,0,martina
mashine,"[('machine', 607)]",15,from matched products,machine,0,mashine
masterlock,[],7,from bigrams,master lock,0,masterlock
matha,"[('martha', 1210)]",9,from matched products,martha,0,matha
maxfire,[],2,from bigrams,max fire,0,maxfire
mdfrosette,[],5,from bigrams,mdf rosette,0,mdfrosette
mdog,"[('dog', 556)]",9,from matched products,dog,0,mdog
mech,"[('tech', 753), ('each', 86), ('mesh', 873), ('echo', 590), ('etch', 20)]",1,from all products,,0,mech
melinger,[],6,from all products,,0,melinger
menet,"[('net', 126), ('ent', 19), ('met', 54), ('men', 55)]",11,from all products,,0,menet
mepat,"[('mat', 813), ('meat', 19), ('met', 54), ('mpt', 266), ('epa', 45)]",14,from all products,meat,0,mepat
merrill,[],1,from all products,,0,merrill
meryl,"[('mel', 68), ('merry', 15), ('emery', 18)]",4,from all products,,0,meryl
metaliks,"[('metal', 4222)]",12,from matched products,metal,0,metaliks
meu,[],10,from all products,,0,meu
mff,[],2,from all products,,0,mff
midesion,"[('mission', 223)]",10,from matched products,mission,0,midesion
milimet,[],13,from all products,,0,milimet
millbury,[],6,from all products,,0,millbury
milwaukee18,,7,added space before digit,milwaukee 18,0,milwaukee18
milwaukie,"[('milwaukee', 1954)]",19,from matched products,milwaukee,0,milwaukie
minimite,[],7,from all products,,0,minimite
mirror18x20,,12,added space before digit,mirror 18x20,0,mirror18x20
miticide,[],1,from all products,,0,miticide
mitte,"[('matte', 1006), ('ite', 103), ('mistlite', 12), ('emitter', 25), ('miter', 409), ('mites', 23), ('mite', 33), ('emitters', 20)]",6,from all products,mite,0,mitte
mlv,[],1,from all products,,0,mlv
mod51956,,9,added space before digit,mod 51956,0,mod51956
modi,"[('mod', 32), ('modine', 34), ('mold', 223), ('mode', 37), ('midi', 12)]",12,from all products,mod,0,modi
molemax,[],1,from all products,,0,molemax
molex,"[('mole', 38)]",17,from matched products,mole,0,molex
mollybold,[],1,from all products,,0,mollybold
monaghan,[],10,from all products,,0,monaghan
monococcion,[],11,from all products,,0,monococcion
monor,"[('monorail', 12), ('mono', 82), ('motor', 445), ('monitor', 132), ('manor', 53)]",4,from all products,mono,0,monor
mora,"[('mortar', 210), ('morgan', 27), ('more', 95)]",9,from all products,,0,mora
morza,[],7,from all products,,0,morza
mosaik,"[('mosaic', 1884)]",2,from matched products,mosaic,0,mosaik
mountspacesaver,[],11,from all products,,0,mountspacesaver
mssuv,[],1,from all products,,0,mssuv
mswf,"[('mwf', 14)]",1,from all products,mwf,0,mswf
mta,"[('metal', 4222)]",13,from all products,metal,0,mta
mugel,"[('mel', 68), ('ugl', 30), ('mug', 26), ('gel', 183)]",2,from all products,,0,mugel
multipanel,[],14,from all products,,0,multipanel
multitool,[],4,from bigrams,multi tool,0,multitool
multralight,"[('ultralight', 83)]",1,from matched products,ultralight,0,multralight
murrial,"[('mural', 80)]",11,from matched products,mural,0,murrial
mystik,"[('hystik', 29), ('mystic', 24)]",1,from all products,,0,mystik
nadair,[],13,from all products,,0,nadair
nailgun,[],24,from bigrams,nail gun,0,nailgun
nails18,,6,added space before digit,nails 18,0,nails18
nalgene,[],7,from all products,,0,nalgene
natol,"[('national', 517), ('anatolia', 15), ('natco', 114)]",10,from all products,natco,0,natol
needlenose,[],10,from bigrams,needle nose,0,needlenose
neema,"[('nema', 66), ('eemax', 13)]",10,from all products,nema,0,neema
neiko,"[('neo', 184)]",13,from all products,neo,0,neiko
neutrogena,[],2,from all products,,0,neutrogena
nhk,[],2,from all products,,0,nhk
nibcoa,"[('nibco', 56)]",1,from matched products,nibco,0,nibcoa
nickelshower,[],10,from bigrams,nickel shower,0,nickelshower
nicket,"[('nickel', 6553)]",14,from matched products,nickel,0,nicket
nickl,"[('nickel', 6553)]",13,from matched products,nickel,0,nickl
nup,"[('nupla', 33)]",13,from all products,nupla,0,nup
nykros,[],12,from all products,,0,nykros
nylin,"[('lin', 58), ('nylon', 670)]",13,from all products,nylon,0,nylin
oakmoss,[],6,from bigrams,oak moss,0,oakmoss
ock,"[('block', 1076), ('rock', 464), ('lock', 2088), ('locks', 115), ('docks', 25), ('oreck', 21), ('rocks', 28), ('sock', 38), ('dock', 105), ('clock', 133), ('stock', 129), ('knock', 39), ('shock', 87)]",6,from all products,,0,ock
oden,"[('oven', 1824), ('eden', 62), ('olde', 15), ('rodent', 42), ('holden', 67), ('moen', 1407), ('boen', 29), ('code', 70), ('golden', 423), ('wooden', 241), ('mode', 37), ('modern', 451), ('open', 312)]",3,from all products,,0,oden
oerate,"[('operated', 501)]",12,from matched products,operated,0,oerate
ofal,"[('coal', 18), ('oval', 629), ('opal', 113), ('fall', 281), ('sofa', 175)]",12,from all products,,0,ofal
olean,"[('clean', 463)]",6,from matched products,clean,0,olean
olinol,[],7,from all products,,0,olinol
omri,"[('omni', 24)]",5,from all products,omni,0,omri
ontrol,"[('moentrol', 29), ('controls', 187), ('control', 2446)]",4,from all products,control,0,ontrol
oppeus,[],10,from all products,,0,oppeus
orack,"[('track', 1125), ('rack', 976), ('oreck', 21), ('racks', 54), ('oak', 3006), ('crack', 132)]",10,from all products,rack,0,orack
oring,"[('covering', 100), ('corning', 569), ('boring', 28), ('rings', 121), ('orian', 29), ('flooring', 2617), ('orion', 20), ('scoring', 25), ('coring', 16), ('storing', 268), ('rig', 14), ('morning', 47), ('ring', 1039)]",4,from all products,,0,oring
orzzanti,[],5,from all products,,0,orzzanti
outdoorfurniture,[],16,from bigrams,outdoor furniture,0,outdoorfurniture
outler,"[('router', 343), ('butler', 51), ('outlet', 1737), ('outer', 36), ('cutler', 35)]",11,from all products,outer,0,outler
outlits,"[('outlets', 100)]",11,from all products,outlets,0,outlits
oxyclean,"[('clean', 463)]",10,from matched products,clean,0,oxyclean
padspads,[],13,from bigrams,pads pads,0,padspads
paintr,"[('paint', 5565)]",3,from matched products,paint,0,paintr
panelboard,[],19,from bigrams,panel board,0,panelboard
parque,"[('plaque', 72), ('parquet', 36), ('opaque', 17)]",4,from all products,parquet,0,parque
partical,"[('particle', 63), ('partial', 16)]",4,from all products,partial,0,partical
pasc,"[('pass', 222)]",6,from matched products,pass,0,pasc
passway,[],8,from all products,,0,passway
patena,"[('patina', 208)]",18,from all products,patina,0,patena
paulista,[],10,from all products,,0,paulista
paxair,"[('maxxair', 33)]",13,from matched products,maxxair,0,paxair
paykel,[],12,from all products,,0,paykel
paze,"[('pace', 72), ('azek', 26), ('pale', 25), ('haze', 19), ('pane', 73)]",2,from all products,,0,paze
pdi,[],10,from all products,,0,pdi
pebb,"[('pebbles', 134)]",1,from matched products,pebbles,0,pebb
peelets,"[('pellets', 39)]",13,from matched products,pellets,0,peelets
pelletized,[],1,from all products,,0,pelletized
pembria,[],13,from all products,,0,pembria
pembry,"[('pembrey', 78)]",1,from matched products,pembrey,0,pembry
pemko,"[('pem', 23)]",4,from all products,pem,0,pemko
penofin,[],11,from all products,,0,penofin
pentas,[],16,from all products,,0,pentas
penticlea,[],3,from all products,,0,penticlea
perlatino,[],9,from all products,,0,perlatino
permatex,"[('powermate', 98), ('permeate', 13)]",2,from all products,permeate,0,permatex
perren,"[('pierre', 15)]",8,from all products,pierre,0,perren
persianas,"[('persian', 31)]",13,from all products,persian,0,persianas
petscreen,[],7,from bigrams,pet screen,0,petscreen
petzl,"[('pet', 1141)]",10,from matched products,pet,0,petzl
pfistersaxton,[],6,from bigrams,pfister saxton,0,pfistersaxton
pfj,[],11,from all products,,0,pfj
pgdww,[],14,from all products,,0,pgdww
phil,"[('hill', 97), ('pail', 260), ('pile', 16)]",9,from all products,,0,phil
phillits,"[('phillips', 791)]",8,from all products,phillips,0,phillits
piedrafina,[],9,from all products,,0,piedrafina
pik,"[('pick', 51), ('spike', 166), ('pink', 388)]",3,from all products,,0,pik
pino,"[('pinto', 8)]",2,from matched products,pinto,0,pino
pipeinless,[],9,from all products,,0,pipeinless
pipeized,[],5,from all products,,0,pipeized
pipies,"[('pipe', 2826)]",15,from matched products,pipe,0,pipies
pishinges,"[('shingles', 84)]",13,from all products,shingles,0,pishinges
plaers,"[('pliers', 307)]",13,from matched products,pliers,0,plaers
plastidip,[],12,from bigrams,plasti dip,0,plastidip
plata,"[('plate', 1974)]",9,from matched products,plate,0,plata
playstation,"[('plantation', 130)]",12,from all products,plantation,0,playstation
plexi,"[('pli', 11), ('pex', 514), ('flexi', 15), ('plexidor', 22)]",2,from all products,flexi,0,plexi
plusrite,[],12,from all products,,0,plusrite
plygem,[],5,from bigrams,ply gem,0,plygem
pnrf,[],9,from all products,,0,pnrf
polesaw,[],10,from bigrams,pole saw,0,polesaw
polyboard,[],3,from all products,,0,polyboard
polygroup,[],13,from all products,,0,polygroup
ponuds,[],3,from all products,,0,ponuds
pooron,[],1,from all products,,0,pooron
popup,"[('poppy', 15), ('pop', 340)]",2,from all products,poppy,0,popup
portaband,[],1,from bigrams,porta band,0,portaband
portacool,[],2,from all products,,0,portacool
portair,[],3,from bigrams,port air,0,portair
portalino,[],10,from all products,,0,portalino
possini,[],9,from all products,,0,possini
pouder,"[('powder', 352)]",10,from all products,powder,0,pouder
poulty,"[('poultry', 53)]",1,from all products,poultry,0,poulty
powere,"[('powder', 352), ('power', 2478), ('powered', 1014)]",8,from all products,powered,0,powere
powershop,[],2,from all products,,0,powershop
powrcoat,[],11,from all products,,0,powrcoat
ppu,[],7,from all products,,0,ppu
prebuilt,[],13,from bigrams,pre built,0,prebuilt
preiumer,"[('primer', 983)]",11,from matched products,primer,0,preiumer
prelit,[],71,from bigrams,pre lit,0,prelit
premrey,"[('pembrey', 78)]",12,from matched products,pembrey,0,premrey
preparer,[],1,from all products,,0,preparer
preprimed,[],12,from bigrams,pre primed,0,preprimed
presevent,"[('prevent', 11)]",4,from all products,prevent,0,presevent
pretreated,"[('treated', 1330)]",5,from matched products,treated,0,pretreated
preventor,"[('prevention', 44), ('preventer', 103), ('prevent', 11)]",1,from all products,preventer,0,preventor
prito,"[('prato', 13)]",13,from matched products,prato,0,prito
profloor,[],12,from bigrams,pro floor,0,profloor
purp,"[('purpose', 1400)]",3,from matched products,purpose,0,purp
pvt,"[('pivot', 403)]",18,from all products,pivot,0,pvt
qdwt,"[('dwt', 21)]",11,from matched products,dwt,0,qdwt
qtn,[],1,from all products,,0,qtn
quadrato,"[('quadrant', 12), ('quadro', 64)]",11,from all products,quadrant,0,quadrato
quickfire,[],2,from bigrams,quick fire,0,quickfire
ragne,"[('range', 2874)]",13,from matched products,range,0,ragne
raido,"[('radio', 142)]",19,from matched products,radio,0,raido
rainbarrel,[],5,from bigrams,rain barrel,0,rainbarrel
rainbird,[],73,from bigrams,rain bird,0,rainbird
rainhead,[],7,from bigrams,rain head,0,rainhead
rainspout,"[('rainsuit', 16)]",12,from all products,rainsuit,0,rainspout
rak,"[('rack', 976), ('racks', 54)]",11,from matched products,rack,0,rak
rambut,[],20,from all products,,0,rambut
ranshower,"[('shower', 6920)]",9,from matched products,shower,0,ranshower
rarts,"[('art', 667)]",10,from matched products,art,0,rarts
ratator,"[('rotator', 24)]",1,from matched products,rotator,0,ratator
readington,"[('edington', 80), ('remington', 84), ('reading', 26)]",17,from all products,edington,0,readington
reb232,,8,added space before digit,reb 232,0,reb232
rebarbender,[],3,from bigrams,rebar bender,0,rebarbender
recep,"[('receptor', 18)]",13,from all products,receptor,0,recep
receps,"[('recess', 26)]",5,from all products,recess,0,receps
recharger,"[('recharge', 13), ('rechargeable', 207)]",4,from matched products,recharge,0,recharger
reco,"[('raco', 494), ('eco', 375), ('revo', 21), ('reno', 14), ('emco', 174), ('echo', 590), ('recoil', 47), ('jeco', 18), ('deco', 309), ('fresco', 17), ('tremco', 11)]",15,from all products,eco,0,reco
reffridge,[],10,from all products,,0,reffridge
refrig,[],26,from all products,,0,refrig
refrigeratorators,"[('refrigerator', 1922)]",13,from matched products,refrigerator,0,refrigeratorators
reg,"[('kreg', 133), ('regal', 37)]",14,from all products,kreg,0,reg
regis,"[('register', 598)]",5,from all products,register,0,regis
rehrig,[],7,from all products,,0,rehrig
rejuviati,[],12,from all products,,0,rejuviati
rekey,"[('key', 601)]",2,from matched products,key,0,rekey
reliabilt,[],24,from all products,,0,reliabilt
remodal,"[('remodel', 77)]",3,from matched products,remodel,0,remodal
renzo,"[('reno', 14)]",1,from all products,reno,0,renzo
replaclacemt,[],14,from all products,,0,replaclacemt
respine,[],10,from all products,,0,respine
restor,"[('restorer', 32)]",7,from matched products,restorer,0,restor
retr,"[('retro', 122), ('rear', 209), ('rest', 68), ('return', 577), ('rete', 39)]",2,from all products,retro,0,retr
rib16,,12,added space before digit,rib 16,0,rib16
riddex,[],7,from all products,,0,riddex
ridget,"[('ridge', 225)]",18,from matched products,ridge,0,ridget
ridx,"[('rid', 10)]",1,from matched products,rid,0,ridx
rinnai,[],10,from all products,,0,rinnai
ripp,"[('rip', 65)]",10,from matched products,rip,0,ripp
rivettool,[],3,from bigrams,rivet tool,0,rivettool
rln,[],10,from all products,,0,rln
rnh,"[('ranch', 98)]",10,from all products,ranch,0,rnh
roby,"[('robe', 119), ('ruby', 23), ('troy', 19)]",12,from all products,,0,roby
rockwool,[],13,from all products,,0,rockwool
rodskit,[],14,from all products,,0,rodskit
romax,"[('homax', 132), ('roma', 19), ('aroma', 12), ('roman', 525), ('romex', 76), ('duromax', 23)]",1,from all products,roma,0,romax
rools,"[('tools', 1611)]",12,from matched products,tools,0,rools
rotomartillo,[],12,from all products,,0,rotomartillo
round2x2,,11,added space before digit,round 2x2,0,round2x2
roxel,"[('roxul', 42)]",4,from all products,roxul,0,roxel
rubiks,[],8,from all products,,0,rubiks
rustoleum,[],317,from bigrams,rust oleum,0,rustoleum
ruud,"[('krud', 27)]",1,from all products,krud,0,ruud
ryd,[],10,from all products,,0,ryd
ryod,"[('rod', 1661)]",3,from matched products,rod,0,ryod
rzs,[],3,from all products,,0,rzs
safavids,[],2,from all products,,0,safavids
safire,[],9,from all products,,0,safire
saltless,"[('faultless', 24)]",1,from all products,faultless,0,saltless
sanagloss,[],6,from all products,,0,sanagloss
sandler,"[('handle', 5781)]",10,from matched products,handle,0,sandler
sanfron,[],10,from all products,,0,sanfron
saquets,[],3,from all products,,0,saquets
satcreek,[],3,from all products,,0,satcreek
saud,"[('sand', 859)]",18,from matched products,sand,0,saud
sawall,"[('sawzall', 108)]",4,from matched products,sawzall,0,sawall
sawd,"[('sawn', 71), ('sand', 859), ('shaw', 118), ('saws', 69), ('saw', 2990)]",11,from all products,saw,0,sawd
saww,"[('saw', 2990)]",13,from matched products,saw,0,saww
sched,"[('schedule', 318)]",15,from matched products,schedule,0,sched
schulte,"[('chute', 19)]",11,from all products,chute,0,schulte
scod,"[('cod', 117)]",5,from matched products,cod,0,scod
scoville,[],12,from all products,,0,scoville
screwgun,[],1,from bigrams,screw gun,0,screwgun
scruby,"[('scrub', 109)]",6,from matched products,scrub,0,scruby
sealkrete,[],1,from bigrams,seal krete,0,sealkrete
searchgalvanized,[],6,from all products,,0,searchgalvanized
sedgehammer,[],22,from all products,,0,sedgehammer
seedeater,[],11,from all products,,0,seedeater
selfstick,[],1,from bigrams,self stick,0,selfstick
sen983,,15,added space before digit,sen 983,0,sen983
sendero,[],13,from all products,,0,sendero
seperate,[],8,from all products,,0,seperate
sez,[],10,from all products,,0,sez
sflss,[],3,from all products,,0,sflss
sfsq,[],15,from all products,,0,sfsq
sgw,[],8,from all products,,0,sgw
shaanchor,[],7,from all products,,0,shaanchor
shades2,,5,added space before digit,shades 2,0,shades2
shanker,"[('shank', 605), ('shaker', 337), ('shake', 16)]",12,from all products,shaker,0,shanker
sharkbait,"[('sharkbite', 771)]",15,from all products,sharkbite,0,sharkbait
sharpe,"[('shapes', 11), ('shaped', 188), ('sharp', 296), ('sharpie', 87), ('harper', 12), ('shape', 149)]",4,from all products,sharpie,0,sharpe
sheetin,"[('sheeting', 151)]",6,from matched products,sheeting,0,sheetin
sheetinum,"[('sheeting', 151)]",20,from all products,sheeting,0,sheetinum
sheetmetal,[],2,from bigrams,sheet metal,0,sheetmetal
sheface,[],4,from all products,,0,sheface
shelfa,"[('shelf', 2922)]",11,from matched products,shelf,0,shelfa
shels,"[('shelf', 2922), ('shelves', 235)]",23,from matched products,shelves,0,shels
shere,"[('shower', 6920)]",8,from matched products,shower,0,shere
sheves,"[('shelves', 235)]",19,from matched products,shelves,0,sheves
shopac,[],10,from all products,,0,shopac
shopvac,[],12,from bigrams,shop vac,0,shopvac
showerheards,"[('showerhead', 517)]",10,from matched products,showerhead,0,showerheards
showerstall,[],15,from bigrams,shower stall,0,showerstall
showerstorage,[],2,from all products,,0,showerstorage
showerz,"[('shower', 6920)]",13,from matched products,shower,0,showerz
siclica,"[('silica', 6)]",7,from matched products,silica,0,siclica
sidelits,"[('sidelight', 11)]",2,from matched products,sidelight,0,sidelits
sideout,[],15,from bigrams,side out,0,sideout
sie,"[('size', 1234), ('suite', 72), ('shine', 27), ('spike', 166), ('sides', 35), ('siena', 16), ('sizes', 129), ('slide', 1104), ('side', 1714), ('sadie', 12), ('essie', 18), ('sided', 327), ('slice', 54), ('sized', 31), ('site', 100), ('spice', 111)]",1,from all products,,0,sie
siegel,[],6,from all products,,0,siegel
silcock,"[('sillcock', 134)]",1,from matched products,sillcock,0,silcock
sillcick,"[('sillcock', 134)]",17,from matched products,sillcock,0,sillcick
silocoln,[],11,from all products,,0,silocoln
simonton,[],10,from all products,,0,simonton
simteck,"[('simtek', 49)]",1,from matched products,simtek,0,simteck
sinks3,,2,added space before digit,sinks 3,0,sinks3
sippy,"[('spy', 18)]",12,from matched products,spy,0,sippy
sistem,"[('system', 2278)]",15,from matched products,system,0,sistem
sjo,"[('sjoow', 24)]",3,from all products,sjoow,0,sjo
sku,[],149,from all products,,0,sku
sld,"[('solid', 3425)]",7,from matched products,solid,0,sld
slrd,"[('sled', 22)]",11,from matched products,sled,0,slrd
smartstrand,[],1,from all products,,0,smartstrand
smt,"[('smith', 35), ('smart', 1018)]",12,from all products,,0,smt
snowblower,[],93,from bigrams,snow blower,0,snowblower
snowblowers,[],5,from bigrams,snow blowers,0,snowblowers
snowtex,[],11,from all products,,0,snowtex
sobrevivencia,[],10,from all products,,0,sobrevivencia
soc,"[('sonic', 152), ('sock', 38), ('stock', 129), ('shock', 87)]",3,from all products,sock,0,soc
sofn,"[('soft', 1587), ('sons', 302), ('sofa', 175)]",15,from all products,,0,sofn
softlite,[],13,from all products,,0,softlite
softowood,"[('softwood', 1)]",3,from matched products,softwood,0,softowood
solidconcrete,[],3,from bigrams,solid concrete,0,solidconcrete
sonax,"[('sox', 13)]",12,from all products,sox,0,sonax
sotc,"[('spot', 708), ('slot', 55), ('shot', 91), ('sock', 38), ('soft', 1587), ('stc', 35), ('scotch', 158)]",13,from all products,stc,0,sotc
spacks,"[('packs', 35)]",7,from all products,packs,0,spacks
speedzone,"[('speedione', 3)]",1,from matched products,speedione,0,speedzone
spikey,"[('spike', 166)]",1,from matched products,spike,0,spikey
splenda,[],13,from all products,,0,splenda
spotffree,[],9,from all products,,0,spotffree
spraypaint,[],10,from bigrams,spray paint,0,spraypaint
spret,"[('pre', 839), ('sport', 87), ('pet', 1141), ('spare', 22), ('spt', 230), ('set', 7276)]",9,from all products,,0,spret
srq,[],8,from all products,,0,srq
stairtreads,[],17,from all products,,0,stairtreads
stant,"[('stand', 848)]",10,from matched products,stand,0,stant
starcoat,[],11,from all products,,0,starcoat
steamfresh,[],7,from all products,,0,steamfresh
steamwasher,[],2,from all products,,0,steamwasher
steinmann,[],2,from all products,,0,steinmann
stendop,[],11,from all products,,0,stendop
sterlite,"[('sterilite', 124)]",6,from matched products,sterilite,0,sterlite
sterno,"[('stereo', 70), ('steren', 26)]",12,from all products,,0,sterno
stiprs,"[('stairs', 339), ('strips', 215)]",2,from all products,strips,0,stiprs
stnless,"[('stainless', 9698)]",8,from matched products,stainless,0,stnless
stnls,"[('stainless', 9698)]",12,from matched products,stainless,0,stnls
stobe,"[('stone', 2308), ('store', 57), ('strobe', 14), ('toe', 111), ('stove', 592)]",3,from all products,strobe,0,stobe
stopwa,"[('stop', 688)]",8,from matched products,stop,0,stopwa
storeges,"[('storage', 2569)]",14,from matched products,storage,0,storeges
str,"[('storm', 873), ('strip', 798)]",16,,,0,str
strabury,[],7,from all products,,0,strabury
strada,"[('strand', 298)]",14,from all products,strand,0,strada
strafford,"[('stratford', 76)]",3,from all products,stratford,0,strafford
straitline,[],11,from all products,,0,straitline
stripoping,"[('stripping', 52)]",9,from matched products,stripping,0,stripoping
strippping,"[('striping', 27), ('ripping', 15), ('strapping', 14), ('stripping', 52)]",2,from all products,stripping,0,strippping
structor,"[('structo', 2)]",1,from matched products,structo,0,structor
subpumps,[],12,from all products,,0,subpumps
sunbrite,[],4,from all products,,0,sunbrite
superba,"[('super', 771)]",12,from all products,super,0,superba
supriva,[],9,from all products,,0,supriva
surebond,"[('purebond', 205)]",14,from matched products,purebond,0,surebond
suretest,[],4,from all products,,0,suretest
svenja,[],11,from all products,,0,svenja
swedged,"[('wedge', 159), ('edged', 17)]",16,from all products,,0,swedged
switchplate,[],11,from bigrams,switch plate,0,switchplate
swu,[],14,from all products,,0,swu
sylvester,"[('sylvestre', 4)]",3,from matched products,sylvestre,0,sylvester
syston,[],7,from all products,,0,syston
tagout,[],6,from all products,,0,tagout
takles,"[('stakes', 135), ('tankless', 412), ('tables', 19)]",11,from all products,tankless,0,takles
taladros,[],15,from all products,,0,taladros
talstar,"[('talista', 47)]",13,from all products,talista,0,talstar
tapecase,[],15,from bigrams,tape case,0,tapecase
tarop,"[('teardrop', 29), ('tarp', 253), ('tap', 278), ('top', 6674)]",1,from all products,tarp,0,tarop
tbl,"[('table', 2050)]",9,from matched products,table,0,tbl
tdj,[],3,from all products,,0,tdj
tecsun,[],11,from all products,,0,tecsun
tekquest,[],10,from all products,,0,tekquest
tel,"[('hotel', 27), ('trel', 33), ('teal', 122), ('towel', 916), ('steel', 16470)]",11,from all products,,0,tel
telemecanique,[],12,from all products,,0,telemecanique
temp2,,3,added space before digit,temp 2,0,temp2
temping,"[('tamping', 7)]",3,from matched products,tamping,0,temping
tenex,"[('tex', 67), ('tee', 645), ('tenax', 50)]",13,from all products,tenax,0,tenex
terminix,[],11,from all products,,0,terminix
termiticide,[],1,from all products,,0,termiticide
terremora,[],4,from all products,,0,terremora
tgi,[],14,from all products,,0,tgi
thck,"[('thick', 2645)]",12,from matched products,thick,0,thck
ther,"[('the', 2858)]",11,from matched products,the,0,ther
thermador,[],8,from all products,,0,thermador
thermocoupler,"[('thermocouple', 14), ('thermoclear', 29)]",1,from all products,thermocouple,0,thermocoupler
thoro,"[('throw', 69), ('toro', 635), ('thorton', 19)]",3,from all products,toro,0,thoro
thqb,[],18,from all products,,0,thqb
thromastate,[],3,from all products,,0,thromastate
thu,"[('thumb', 57), ('thru', 83)]",7,from all products,thru,0,thu
tighrner,"[('tightener', 5), ('tightner', 1)]",5,from matched products,tightner,0,tighrner
tilesaw,[],1,from bigrams,tile saw,0,tilesaw
timmers,"[('timer', 560)]",14,from matched products,timer,0,timmers
tji,[],17,from all products,,0,tji
tle,"[('tile', 9893)]",2,from matched products,tile,0,tle
toam,"[('foam', 853)]",2,from matched products,foam,0,toam
tobogg,[],12,from all products,,0,tobogg
toilet14769,,16,added space before digit,toilet 14769,0,toilet14769
tol,"[('tool', 3547)]",1,from matched products,tool,0,tol
tomostat,[],9,from all products,,0,tomostat
tool00,,10,added space before digit,tool 00,0,tool00
toolkit,[],1,from bigrams,tool kit,0,toolkit
top5,,12,added space before digit,top 5,0,top5
toplass,[],12,from all products,,0,toplass
toprail,[],19,from bigrams,top rail,0,toprail
topsealer,[],7,from all products,,0,topsealer
tordon,"[('gordon', 39)]",21,from matched products,gordon,0,tordon
toscane,"[('toscana', 11)]",15,from all products,toscana,0,toscane
toulone,"[('toulon', 9)]",9,from matched products,toulon,0,toulone
trane,"[('stranded', 320), ('triangle', 93), ('train', 35), ('entrance', 137), ('transfer', 207), ('tan', 712), ('strainer', 306), ('crane', 51), ('range', 2874)]",2,from all products,,0,trane
trashcan,[],15,from bigrams,trash can,0,trashcan
trcat,"[('truecoat', 12), ('rca', 27), ('cat', 168), ('rat', 55)]",15,from all products,truecoat,0,trcat
treillis,"[('trellis', 109)]",10,from matched products,trellis,0,treillis
tresers,[],17,from all products,,0,tresers
treshold,"[('threshold', 618)]",3,from matched products,threshold,0,treshold
trigal,[],11,from all products,,0,trigal
trimec,[],18,from all products,,0,trimec
tros,"[('trs', 2)]",9,from matched products,trs,0,tros
tupperware,[],5,from all products,,0,tupperware
turbi,"[('turbine', 39)]",16,from matched products,turbine,0,turbi
twp,[],7,from all products,,0,twp
tychem,[],7,from all products,,0,tychem
undercoater,"[('undercounter', 33)]",14,from all products,undercounter,0,undercoater
underdeck,[],8,from bigrams,under deck,0,underdeck
unhung,[],5,from all products,,0,unhung
unistrut,"[('strut', 24)]",38,from matched products,strut,0,unistrut
unsulation,"[('insulation', 884)]",13,from matched products,insulation,0,unsulation
uplighting,"[('lighting', 5032)]",8,from matched products,lighting,0,uplighting
uponor,[],3,from all products,,0,uponor
urican,[],6,from all products,,0,urican
urne,"[('urn', 75)]",7,from matched products,urn,0,urne
utilitech,[],1,from all products,,0,utilitech
vacum,"[('vacuum', 964)]",1,from matched products,vacuum,0,vacum
vacume,"[('vacuum', 964)]",4,from matched products,vacuum,0,vacume
valleriana,"[('valeriano', 5)]",5,from matched products,valeriano,0,valleriana
valvoline,[],11,from all products,,0,valvoline
van1724,,2,added space before digit,van 1724,0,van1724
vdk,[],8,from all products,,0,vdk
vegetale,"[('vegetable', 54), ('vegetables', 70)]",10,from matched products,vegetable,0,vegetale
venner,"[('veneer', 147)]",17,from matched products,veneer,0,venner
veri,"[('vein', 46), ('ever', 28), ('versi', 17), ('vero', 56), ('over', 865), ('very', 104), ('euri', 71)]",9,from all products,versi,0,veri
versabone,"[('versabond', 74)]",1,from matched products,versabond,0,versabone
vetical,"[('vertical', 621)]",14,from matched products,vertical,0,vetical
vft,[],12,from all products,,0,vft
vig,"[('vigo', 387)]",2,from all products,vigo,0,vig
vigaro,"[('vigoro', 335)]",8,from matched products,vigoro,0,vigaro
vinal,"[('vinyl', 5592)]",8,from matched products,vinyl,0,vinal
vintemp,"[('vinotemp', 23)]",10,from matched products,vinotemp,0,vintemp
viny,"[('vinyl', 5592)]",1,from matched products,vinyl,0,viny
virginai,"[('virgin', 11)]",2,from all products,virgin,0,virginai
vtop,"[('top', 6674)]",2,from matched products,top,0,vtop
waher,"[('water', 5094), ('washers', 139), ('waxer', 13), ('weather', 717), ('washer', 1726), ('wafer', 32)]",2,from all products,washer,0,waher
walkie,"[('walker', 15)]",19,from all products,walker,0,walkie
wallbase,[],17,from bigrams,wall base,0,wallbase
wallhugger,[],2,from bigrams,wall hugger,0,wallhugger
wallplate,[],17,from bigrams,wall plate,0,wallplate
wallprimer,[],1,from all products,,0,wallprimer
walmound,"[('wallmount', 15)]",13,from matched products,wallmount,0,walmound
walt,"[('dewalt', 2373)]",1,from matched products,dewalt,0,walt
washlet,[],2,from all products,,0,washlet
wastel,"[('waste', 334)]",12,from matched products,waste,0,wastel
waterheater,[],20,from bigrams,water heater,0,waterheater
waterpi,"[('waterpik', 74)]",13,from matched products,waterpik,0,waterpi
waterpump,[],1,from bigrams,water pump,0,waterpump
watt880,,1,added space before digit,watt 880,0,watt880
wayfair,"[('mayfair', 15)]",12,from all products,mayfair,0,wayfair
weatherhead,"[('weathered', 266), ('weathershield', 470)]",4,from all products,weathered,0,weatherhead
webmo,"[('wemo', 14)]",7,from matched products,wemo,0,webmo
weedbgon,[],2,from all products,,0,weedbgon
weedeater,[],31,from bigrams,weed eater,0,weedeater
weedeaters,[],2,from all products,,0,weedeaters
weedwacker,[],2,from all products,,0,weedwacker
welland,[],1,from all products,,0,welland
weman,"[('woman', 2)]",13,from matched products,woman,0,weman
wer,"[('newer', 11), ('water', 5094), ('wear', 25), ('weber', 582), ('sewer', 44), ('power', 2478), ('waxer', 13), ('lower', 81), ('tower', 259), ('wiper', 13), ('mower', 1351), ('wafer', 32)]",6,from all products,wear,0,wer
wera,"[('wear', 25)]",18,from matched products,wear,0,wera
wesleyspruce,[],4,from all products,,0,wesleyspruce
westlock,"[('weslock', 30)]",8,from all products,weslock,0,westlock
westmore,[],6,from all products,,0,westmore
westpac,[],11,from all products,,0,westpac
whearehoues,[],13,from all products,,0,whearehoues
wheather,"[('weathered', 266), ('heathered', 12), ('weather', 717), ('heater', 3479), ('heather', 37)]",1,from all products,,0,wheather
wheelb,"[('wheel', 768), ('wheels', 211)]",11,from all products,wheel,0,wheelb
wht,"[('white', 30578)]",1,from matched products,white,0,wht
wiga,"[('wigan', 8)]",7,from matched products,wigan,0,wiga
wilmarut,[],13,from all products,,0,wilmarut
windos,"[('windows', 371)]",14,from all products,windows,0,windos
windowtioners,[],15,from all products,,0,windowtioners
wiremesh,[],15,from bigrams,wire mesh,0,wiremesh
wirenuts,[],3,from all products,,0,wirenuts
wirless,"[('wireless', 1001)]",5,from matched products,wireless,0,wirless
woodflooring,[],17,from bigrams,wood flooring,0,woodflooring
woodstoves,[],7,from bigrams,wood stoves,0,woodstoves
worklite,"[('worklight', 16)]",12,from all products,worklight,0,worklite
workpro,[],4,from all products,,0,workpro
workstar,[],4,from all products,,0,workstar
workx,"[('worx', 112)]",1,from matched products,worx,0,workx
wtf,[],9,from all products,,0,wtf
xbox,"[('box', 3425)]",15,from all products,box,0,xbox
xrf,[],1,from all products,,0,xrf
xscapes,"[('scapes', 84)]",3,from matched products,scapes,0,xscapes
yardguard,[],17,from bigrams,yard guard,0,yardguard
yardwaste,[],3,from bigrams,yard waste,0,yardwaste
yel,"[('lyell', 14)]",9,from all products,lyell,0,yel
yonkers,[],11,from all products,,0,yonkers
zacatecas,[],11,from all products,,0,zacatecas
zall,"[('sawzall', 108)]",10,from matched products,sawzall,0,zall
zaw,[],2,from all products,,0,zaw
zeroturn,[],15,from bigrams,zero turn,0,zeroturn
zhi,[],10,from all products,,0,zhi
zwave,"[('wave', 467)]",18,from matched products,wave,0,zwave
zymes,[],1,from all products,,0,zymes
